{
    "Parameters": {
        "BranchName": {
            "Description": "CodeCommit branch name",
            "Type": "String",
            "Default": "master"
        },
        "RepositoryName": {
            "Description": "CodeComit repository name",
            "Type": "String",
            "Default": "myrepo"
        },
        "ApplicationName": {
            "Description": "CodeDeploy application name",
            "Type": "String",
            "Default": "DemoApplication"
        },
        "BetaFleet": {
            "Description": "Fleet configured in CodeDeploy",
            "Type": "String",
            "Default": "DemoFleet"
        }
    },
    "Resources": {
        "CodePipelineArtifactStoreBucket": {
            "Type": "AWS::S3::Bucket"
        },
        "CodePipelineArtifactStoreBucketPolicy": {
            "Type": "AWS::S3::BucketPolicy",
            "Properties": {
                "Bucket": {
                    "Ref": "CodePipelineArtifactStoreBucket"
                },
                "PolicyDocument": {
                    "Version": "2012-10-17",
                    "Statement": [
                        {
                            "Sid": "DenyUnEncryptedObjectUploads",
                            "Effect": "Deny",
                            "Principal": "*",
                            "Action": "s3:PutObject",
                            "Resource": {
                                "Fn::Join": [
                                    "",
                                    [
                                        {
                                            "Fn::GetAtt": [
                                                "CodePipelineArtifactStoreBucket",
                                                "Arn"
                                            ]
                                        },
                                        "/*"
                                    ]
                                ]
                            },
                            "Condition": {
                                "StringNotEquals": {
                                    "s3:x-amz-server-side-encryption": "aws:kms"
                                }
                            }
                        },
                        {
                            "Sid": "DenyInsecureConnections",
                            "Effect": "Deny",
                            "Principal": "*",
                            "Action": "s3:*",
                            "Resource": {
                                "Fn::Join": [
                                    "",
                                    [
                                        {
                                            "Fn::GetAtt": [
                                                "CodePipelineArtifactStoreBucket",
                                                "Arn"
                                            ]
                                        },
                                        "/*"
                                    ]
                                ]
                            },
                            "Condition": {
                                "Bool": {
                                    "aws:SecureTransport": false
                                }
                            }
                        }
                    ]
                }
            }
        },
        "AmazonCloudWatchEventRole": {
            "Type": "AWS::IAM::Role",
            "Properties": {
                "AssumeRolePolicyDocument": {
                    "Version": "2012-10-17",
                    "Statement": [
                        {
                            "Effect": "Allow",
                            "Principal": {
                                "Service": [
                                    "events.amazonaws.com"
                                ]
                            },
                            "Action": "sts:AssumeRole"
                        }
                    ]
                },
                "Path": "/",
                "Policies": [
                    {
                        "PolicyName": "cwe-pipeline-execution",
                        "PolicyDocument": {
                            "Version": "2012-10-17",
                            "Statement": [
                                {
                                    "Effect": "Allow",
                                    "Action": "codepipeline:StartPipelineExecution",
                                    "Resource": {
                                        "Fn::Join": [
                                            "",
                                            [
                                                "arn:aws:codepipeline:",
                                                {
                                                    "Ref": "AWS::Region"
                                                },
                                                ":",
                                                {
                                                    "Ref": "AWS::AccountId"
                                                },
                                                ":",
                                                {
                                                    "Ref": "AppPipeline"
                                                }
                                            ]
                                        ]
                                    }
                                }
                            ]
                        }
                    }
                ]
            }
        },
        "AmazonCloudWatchEventRule": {
            "Type": "AWS::Events::Rule",
            "Properties": {
                "EventPattern": {
                    "source": [
                        "aws.codecommit"
                    ],
                    "detail-type": [
                        "CodeCommit Repository State Change"
                    ],
                    "resources": [
                        {
                            "Fn::Join": [
                                "",
                                [
                                    "arn:aws:codecommit:",
                                    {
                                        "Ref": "AWS::Region"
                                    },
                                    ":",
                                    {
                                        "Ref": "AWS::AccountId"
                                    },
                                    ":",
                                    {
                                        "Ref": "RepositoryName"
                                    }
                                ]
                            ]
                        }
                    ],
                    "detail": {
                        "event": [
                            "referenceCreated",
                            "referenceUpdated"
                        ],
                        "referenceType": [
                            "branch"
                        ],
                        "referenceName": [
                            "master"
                        ]
                    }
                },
                "Targets": [
                    {
                        "Arn": {
                            "Fn::Join": [
                                "",
                                [
                                    "arn:aws:codepipeline:",
                                    {
                                        "Ref": "AWS::Region"
                                    },
                                    ":",
                                    {
                                        "Ref": "AWS::AccountId"
                                    },
                                    ":",
                                    {
                                        "Ref": "AppPipeline"
                                    }
                                ]
                            ]
                        },
                        "RoleArn": {
                            "Fn::GetAtt": [
                                "AmazonCloudWatchEventRole",
                                "Arn"
                            ]
                        },
                        "Id": "codepipeline-AppPipeline"
                    }
                ]
            }
        },
        "AppPipeline": {
            "Type": "AWS::CodePipeline::Pipeline",
            "Properties": {
                "Name": "codecommit-events-pipeline",
                "RoleArn": {
                    "Fn::GetAtt": [
                        "CodePipelineServiceRole",
                        "Arn"
                    ]
                },
                "Stages": [
                    {
                        "Name": "Source",
                        "Actions": [
                            {
                                "Name": "SourceAction",
                                "ActionTypeId": {
                                    "Category": "Source",
                                    "Owner": "AWS",
                                    "Version": 1,
                                    "Provider": "CodeCommit"
                                },
                                "OutputArtifacts": [
                                    {
                                        "Name": "SourceOutput"
                                    }
                                ],
                                "Configuration": {
                                    "BranchName": {
                                        "Ref": "BranchName"
                                    },
                                    "RepositoryName": {
                                        "Ref": "RepositoryName"
                                    },
                                    "PollForSourceChanges": false
                                },
                                "RunOrder": 1
                            }
                        ]
                    },
                    {
                        "Name": "Beta",
                        "Actions": [
                            {
                                "Name": "BetaAction",
                                "InputArtifacts": [
                                    {
                                        "Name": "SourceOutput"
                                    }
                                ],
                                "ActionTypeId": {
                                    "Category": "Deploy",
                                    "Owner": "AWS",
                                    "Version": 1,
                                    "Provider": "CodeDeploy"
                                },
                                "Configuration": {
                                    "ApplicationName": {
                                        "Ref": "ApplicationName"
                                    },
                                    "DeploymentGroupName": {
                                        "Ref": "BetaFleet"
                                    }
                                },
                                "RunOrder": 1
                            }
                        ]
                    }
                ],
                "ArtifactStore": {
                    "Type": "S3",
                    "Location": {
                        "Ref": "CodePipelineArtifactStoreBucket"
                    }
                }
            }
        },
        "CodePipelineServiceRole": {
            "Type": "AWS::IAM::Role",
            "Properties": {
                "AssumeRolePolicyDocument": {
                    "Version": "2012-10-17",
                    "Statement": [
                        {
                            "Effect": "Allow",
                            "Principal": {
                                "Service": [
                                    "codepipeline.amazonaws.com"
                                ]
                            },
                            "Action": "sts:AssumeRole"
                        }
                    ]
                },
                "Path": "/",
                "Policies": [
                    {
                        "PolicyName": "AWS-CodePipeline-Service-3",
                        "PolicyDocument": {
                            "Version": "2012-10-17",
                            "Statement": [
                                {
                                    "Effect": "Allow",
                                    "Action": [
                                        "codecommit:CancelUploadArchive",
                                        "codecommit:GetBranch",
                                        "codecommit:GetCommit",
                                        "codecommit:GetUploadArchiveStatus",
                                        "codecommit:UploadArchive"
                                    ],
                                    "Resource": "*"
                                },
                                {
                                    "Effect": "Allow",
                                    "Action": [
                                        "codedeploy:CreateDeployment",
                                        "codedeploy:GetApplicationRevision",
                                        "codedeploy:GetDeployment",
                                        "codedeploy:GetDeploymentConfig",
                                        "codedeploy:RegisterApplicationRevision"
                                    ],
                                    "Resource": "*"
                                },
                                {
                                    "Effect": "Allow",
                                    "Action": [
                                        "codebuild:BatchGetBuilds",
                                        "codebuild:StartBuild"
                                    ],
                                    "Resource": "*"
                                },
                                {
                                    "Effect": "Allow",
                                    "Action": [
                                        "devicefarm:ListProjects",
                                        "devicefarm:ListDevicePools",
                                        "devicefarm:GetRun",
                                        "devicefarm:GetUpload",
                                        "devicefarm:CreateUpload",
                                        "devicefarm:ScheduleRun"
                                    ],
                                    "Resource": "*"
                                },
                                {
                                    "Effect": "Allow",
                                    "Action": [
                                        "lambda:InvokeFunction",
                                        "lambda:ListFunctions"
                                    ],
                                    "Resource": "*"
                                },
                                {
                                    "Effect": "Allow",
                                    "Action": [
                                        "iam:PassRole"
                                    ],
                                    "Resource": "*"
                                },
                                {
                                    "Effect": "Allow",
                                    "Action": [
                                        "elasticbeanstalk:*",
                                        "ec2:*",
                                        "elasticloadbalancing:*",
                                        "autoscaling:*",
                                        "cloudwatch:*",
                                        "s3:*",
                                        "sns:*",
                                        "cloudformation:*",
                                        "rds:*",
                                        "sqs:*",
                                        "ecs:*"
                                    ],
                                    "Resource": "*"
                                }
                            ]
                        }
                    }
                ]
            }
        }
    }
}
